{
    "loss": 0.4905938506126404,
    "accuracy": 0.9482758641242981
}