{
    "loss": 0.549514651298523,
    "accuracy": 0.9482758641242981
}